[{
    "Title": "Shared Floor Plan",
    "Description": "The Pioneer Hall 3 Bedroom 2 Bathroom fills up fast!  Don’t Wait and Sign a Lease today!",
    "src": "/Assets/SharedFloorPlan.png",
    "Alt": "Shared Floor Plan",
    "rentalType": null,
    "price": 325.00,
    "unit": "Shared Room is starting at $",
    "semesterPrice": 1625.00,
    "semesterUnit":"Semester Price for a Shared Room starting at $",
    "alt":"SharedRoom"

}
    ,
{
    "Title": "Private Floor Plan",
    "Description": "The Pioneer Hall 3 Bedroom 2 Bathroom fills up fast!  Don’t Wait and Sign a Lease today!",
    "src": "/Assets/PrivateFloorPlan.png",
    "Alt": "Private Floor Plan",
    "rentalType": null,
    "price": 625.00,
    "unit": "Monthly Private Room is starting at $",
    "semesterPrice": 3125.00,
    "semesterUnit":"Semester Price for a Private Room starting at $",
    "timeSpan": null,
    "alt":"PrivateRoom"
}]