[{
    "key":1,
    "question":"How do I pay rent?",
    "answer":"Rent can be paid in a variety of ways. You are more than welcome to pay with a check or money order in the office and we also accept credit, debit, and e-checks through our resident portal."
},
{
    "key":2,
    "question":"When is rent due?",
    "answer":"Rent is due upon move in. You can pay for the whole semester up front, or you can pay a $50.00 fee a month to pay monthly which is due at the first of the month."
}
,
{
    "key":3,
    "question":"How are roommates picked and when do students get these results?",
    "answer":"Our team takes roommate matching very seriously. We ask all new residents to fill out a roommate matching survey when you get signed up. This survey asks various questions about the resident’s lifestyle and personality. Our team hand selects the best fit for our residents. We send our unit assignments and roommate contact info during the summer prior to move in."
}
,
{
    "key":4,
    "question":"Can friends room together?",
    "answer":"Friends can absolutely room together! Let us know in your roommate matching survey who you would like to be placed with and once all parties have signed lease agreements you will be moved into the same unit! We recommend signing up early so we can guarantee your roommate preferences!"
}
,
{
    "key":5,
    "question":"Can residents have overnight guests?",
    "answer":"No overnight guests are allowed unless you have requested permission from management and received approval."
}
,
{
    "key":7,
    "question":"Can residents cancel their contracts?",
    "answer":"You may not cancel the contract. But you are able to resell your lease. The student whom you are selling it to will need to fill out application and do the credit and background check just like you did."
}
,
{
    "key":8,
    "question":"When will I know where I will be living?",
    "answer":"Our team will contact you as soon as your apartment location has been locked in! Stay tuned for our annual “Placement Party” to learn more about how you can pick your specific unit number."
}
,
{
    "key":10,
    "question":"Who should I contact if I have a maintenance problem?",
    "answer":"You can put in a maintenance request online via Hemlane"
},
{
    "key":11,
    "question":"Do you need a co-signer?",
    "answer":"We would like you to have a co-signer. But if  you pay for the whole semester up front we can waive the a co-signer requirement. If you wish to pay monthly you would need a co-signer."
}]
