[
{
    "name":"Apply",
    "link":"https://www.hemlane.com/listings/owners/d220038c-85fc-4cb1-8e46-07011cedd72a/"
},
{
    "name":"Pay Rent",
    "link":"https://www.hemlane.com/start/sign-in/"
}
,
{
    "name":"Maintenance",
    "link":"https://www.hemlane.com/start/sign-in/"
},
{
    "name":"Directions",
    "link":"https://www.google.com/maps/dir//pioneer+hall+apartments+ephraim/data=!4m6!4m5!1m1!4e2!1m2!1m1!1s0x874c718c359dc7b1:0x9d54a4ce643b4f3a?sa=X&ved=2ahUKEwjJ2K7uyffnAhUWsZ4KHULtBhwQ9RcwDHoECAwQEQ"
}
]